slug,title,description,body,type,topics,level,tradition,dateAdded,estMinutes,author
trolley-problem-discussion-guide,The Trolley Problem: A Discussion Guide,"A classroom-ready guide for running the trolley problem as a live debate, with escalating variations and guiding questions.","The trolley problem, first posed by Philippa Foot in 1967 and developed further by Judith Jarvis Thomson, asks whether it is permissible to divert a runaway trolley onto a track where it will kill one person in order to save five. It remains one of the most effective ways to introduce students to the tension between consequentialist and deontological reasoning, because almost everyone has a strong initial intuition — and almost everyone's intuition wavers once the variations start.
This guide walks facilitators through four escalating scenarios: the standard switch case, the footbridge case (pushing a large man to stop the trolley), the loop track variant, and a transplant-surgeon analogue. For each, students vote before discussion, argue in pairs, then vote again — the shift in votes becomes the discussion's real subject matter.
Guiding questions include: Does it matter whether harm is a means to an end or a side effect? Is there a morally relevant difference between killing and letting die? Can a single unified theory explain all four verdicts, or do our intuitions simply resist systematization? The guide closes with pointers to Foot's 'The Problem of Abortion and the Doctrine of Double Effect' and Thomson's 'The Trolley Problem' for advanced students who want the primary sources.",Discussion Guide,Ethics,Intro / High School,Contemporary,2026-05-12,45,Philosophy Commons Editorial Team
aristotle-nicomachean-ethics-book-ii,"Aristotle, Nicomachean Ethics — Book II (Excerpt)","An annotated excerpt on virtue as a mean between extremes, with marginal glosses for first-time readers of Aristotle.","In Book II of the Nicomachean Ethics, Aristotle argues that moral virtue is not innate but acquired through habituation: we become just by doing just acts, temperate by doing temperate acts, brave by doing brave acts. 'We are what we repeatedly do,' as the famous (if loosely translated) summary goes.
This excerpt includes the full doctrine of the mean — the claim that virtues such as courage lie between two vices, one of excess (rashness) and one of deficiency (cowardice) — along with Aristotle's caution that the mean is relative to the individual, not a fixed arithmetic midpoint.
Marginal glosses explain key Greek terms (arete, hexis, phronesis) and flag the passages most commonly quoted in secondary literature, making this suitable as a first primary-source reading in an undergraduate ethics sequence.",Primary Text,Ethics,Undergraduate,Ancient,2025-09-03,35,"Aristotle (trans. W. D. Ross, annotated)"
utilitarianism-explained,"Utilitarianism, Explained","A plain-language primer on Bentham's and Mill's utilitarianism, the greatest-happiness principle, and its most common objections.","Utilitarianism holds that the right action is the one that produces the greatest balance of happiness over suffering for everyone affected. Jeremy Bentham founded the view on a simple hedonic calculus; John Stuart Mill refined it by distinguishing higher and lower pleasures, arguing that a dissatisfied Socrates beats a satisfied fool.
This explainer covers act versus rule utilitarianism, the 'utility monster' and 'experience machine' objections, and why utilitarianism keeps resurfacing in debates over public policy, animal welfare, and effective altruism.
Written for readers with no prior philosophy background, with a two-minute summary at the top and a 'go deeper' reading list at the bottom.",Explainer,"Ethics, Political Philosophy",Intro / High School,Modern,2026-02-20,8,Philosophy Commons Editorial Team
kant-categorical-imperative-lesson-plan,Kant's Categorical Imperative — Lesson Plan,"A 50-minute lesson introducing the categorical imperative through the universalizability and humanity formulations, with in-class exercises.","This lesson plan introduces Kant's deontological ethics by contrasting it directly with the utilitarian material students typically encounter first. It opens with the lying-promise example from the Groundwork: could you will, as a universal law, that everyone break promises when convenient?
Students then work through the humanity formulation — 'act so that you treat humanity, whether in your own person or in that of another, always as an end and never merely as a means' — applying it to cases involving deception, exploitation, and consent.
Includes a printable worksheet, discussion prompts for small groups, suggested pacing, and an extension exercise comparing Kantian and utilitarian verdicts on the same case study.",Lesson Plan,Ethics,Undergraduate,Modern,2025-11-14,50,Dr. Amara Osei
ship-of-theseus-explained,"The Ship of Theseus, Explained",What makes an object 'the same' object over time? A short explainer on identity and persistence using Plutarch's classic puzzle.,"If every plank of a ship is gradually replaced, is it still the same ship? Plutarch's puzzle, recorded in his Life of Theseus, is the oldest and most durable thought experiment about identity over time — and it gets sharper once you imagine someone collecting the discarded planks and reassembling a second ship.
This explainer lays out the standard responses (four-dimensionalism, mereological essentialism, identity as a matter of convention) without assuming any prior logic or metaphysics background, and connects the puzzle to modern applications: personal identity after gradual cell replacement, software after every line of code is rewritten, and organizations after every member has turned over.",Explainer,Metaphysics,Intro / High School,Ancient,2026-01-08,7,Philosophy Commons Editorial Team
free-will-determinism-lesson-plan,Free Will vs. Determinism — Lesson Plan,"A structured lesson mapping the positions of hard determinism, libertarian free will, and compatibilism onto a single decision case.","This lesson uses a single running example — a student who cheats on an exam — to test three positions: hard determinism (no one is ever truly responsible), libertarian free will (some choices are genuinely undetermined), and compatibilism (freedom and determinism are not actually in conflict, once 'freedom' is properly defined).
Students are asked, for each position, whether the student should be held responsible and why. The lesson deliberately delays revealing the philosophical labels until after students have staked out positions, so they discover they may already hold a compatibilist or libertarian view without knowing the term for it.
Closes with a short reading from Harry Frankfurt on hierarchical desires as an entry point to more advanced compatibilist literature.",Lesson Plan,"Metaphysics, Ethics",Undergraduate,Contemporary,2025-08-22,55,Dr. Amara Osei
descartes-meditation-i,"Descartes, Meditations on First Philosophy — Meditation I (Excerpt)","The opening meditation, in which Descartes resolves to doubt everything that admits of the slightest doubt — annotated for first-time readers.","Meditation I sets up the method of radical doubt: Descartes systematically strips away everything he can't be absolutely certain of, starting with the unreliability of the senses, moving through the dreaming argument, and ending with the hypothesis of an evil demon bent on deceiving him about everything, including mathematics.
The excerpt is lightly annotated to flag Descartes' rhetorical structure — he is not actually trying to convince you that you might be dreaming forever, but building a foundation so secure that Meditation II's cogito can stand on it.
Pairs well with the 'Descartes' Evil Demon' discussion guide in this library for a two-session unit on skepticism.",Primary Text,"Metaphysics, Epistemology",Undergraduate,Modern,2025-10-30,25,"René Descartes (trans. John Cottingham, annotated)"
personal-identity-podcast,What Is Personal Identity? (Podcast),"A 22-minute audio conversation on what makes you 'you' over time — memory theories, bodily continuity, and the teletransporter paradox.","This episode walks through the major theories of personal identity in plain conversational language: Locke's memory criterion, the objections raised by Thomas Reid's 'brave officer' case, physical/bodily continuity theories, and Derek Parfit's argument that identity might not be what actually matters to us.
The back half of the episode works through the teletransporter thought experiment — if a machine destroys your body and creates an atom-for-atom duplicate elsewhere, did you survive, or did you die and get replaced? — as a way of stress-testing each theory.
A full transcript is included below the audio player for accessibility and citation purposes.",Podcast,Metaphysics,Intro / High School,Contemporary,2026-04-02,22,Philosophy Commons Editorial Team
gettier-problem-explained,"The Gettier Problem, Explained",Why 'justified true belief' isn't enough for knowledge — Edmund Gettier's 1963 counterexamples and what came after them.,"For centuries, knowledge was widely defined as justified true belief: you know something if you believe it, it's true, and you have good reason to believe it. In a three-page 1963 paper, Edmund Gettier showed this definition fails — you can have a justified true belief that is, intuitively, not knowledge, because it's true only by luck.
This explainer walks through Gettier's original cases and several cleaner modern replacements (the 'stopped clock' and 'fake barn' cases), then surveys the main proposed fixes: adding a no-false-lemmas clause, requiring causal connection to the fact, and reliabilist and virtue-theoretic accounts of knowledge.
Ends with a note on why the Gettier problem, despite sixty years of proposed solutions, is still considered open by many epistemologists.",Explainer,Epistemology,Undergraduate,Analytic,2026-03-11,9,Philosophy Commons Editorial Team
descartes-evil-demon-discussion-guide,Descartes' Evil Demon — Discussion Guide,A facilitation guide for exploring radical skepticism with students who have just read Meditation I.,"This guide is designed to run immediately after students read Descartes' first Meditation. It opens with a simple prompt: 'What, if anything, can you be completely certain of?' and lets students generate their own candidates before introducing the evil demon hypothesis formally.
Discussion moves through modern descendants of the same worry — the brain-in-a-vat scenario and The Matrix — and asks whether radical skepticism is a genuine threat to everyday knowledge claims or a kind of philosophical dead end that tells us more about the limits of certainty than about what we actually know.
Includes a facilitator's answer key with common student misconceptions (e.g., conflating 'I can't be 100% certain' with 'I don't know') and how to gently correct them.",Discussion Guide,"Epistemology, Metaphysics",Intro / High School,Modern,2025-07-19,40,Philosophy Commons Editorial Team
hume-enquiry-induction,"Hume, An Enquiry Concerning Human Understanding — On Induction (Excerpt)",The classic statement of the problem of induction: why does past experience give us any reason to expect the future will resemble it?,"Hume argues that all reasoning about matters of fact beyond present observation or memory rests on the relation of cause and effect — and that our belief in cause and effect itself rests on custom and habit, not on any demonstrable rational principle. We have never observed a 'necessary connection' between cause and effect, only constant conjunction.
This excerpt includes Hume's famous challenge: any attempt to justify induction by appealing to induction's past success is circular. The problem, largely unsolved, still structures contemporary debates in philosophy of science.
Annotated with brief notes explaining Hume's terminology ('matters of fact' vs. 'relations of ideas') for students encountering empiricism for the first time.",Primary Text,Epistemology,Undergraduate,Modern,2025-06-05,30,David Hume (annotated)
intro-epistemology-video,Know Thyself: An Introduction to Epistemology (Video),"A 14-minute animated introduction to the central questions of epistemology, from the Delphic maxim to modern theories of knowledge.","This video traces the question 'What can we know, and how?' from the Delphic inscription 'know thyself' through Socratic method, Cartesian doubt, and into 20th-century analytic epistemology, using simple animation and everyday examples rather than jargon.
Designed as a first exposure to the field for students with no prior philosophy coursework — a companion reading list with age-appropriate follow-ups is provided beneath the video.",Video,Epistemology,Intro / High School,Ancient,2025-12-01,14,Philosophy Commons Editorial Team
valid-arguments-lesson-plan,Introduction to Valid Arguments — Lesson Plan,"A foundational logic lesson distinguishing validity from truth, with practice identifying valid and invalid argument forms.","This lesson teaches the crucial distinction between an argument's validity (does the conclusion follow from the premises?) and the truth of its premises — using deliberately silly examples ('all cats are made of cheese; the moon is a cat; therefore the moon is made of cheese') to show that an argument can be valid while being unsound.
Students practice identifying modus ponens, modus tollens, and two common fallacies that mimic them (affirming the consequent, denying the antecedent) through a matching worksheet.
Ends with a short bridge to informal fallacies, previewing the companion 'Common Logical Fallacies' activity in this library.",Lesson Plan,Logic,Intro / High School,Analytic,2026-06-01,45,Dr. Priya Nair
common-logical-fallacies-activity,Common Logical Fallacies — Classroom Activity,"A card-sorting activity where students identify strawman, ad hominem, false dilemma, and six other fallacies in real-world excerpts.","Students receive a deck of twenty short argument excerpts, drawn from op-eds, advertisements, and everyday arguments, and sort them into nine fallacy categories: ad hominem, strawman, false dilemma, appeal to authority, slippery slope, hasty generalization, red herring, circular reasoning, and equivocation.
Printable card set, answer key, and a follow-up writing prompt asking students to construct one real (non-fallacious) argument and one fallacious argument on the same topic are included.",Activity,Logic,Intro / High School,Contemporary,2026-01-25,35,Dr. Priya Nair
aristotle-syllogism-explainer,"Aristotle's Syllogism, Explained",How Aristotle formalized deductive reasoning into three-line syllogisms — and why his system dominated logic for two thousand years.,"In the Prior Analytics, Aristotle developed the syllogism: a three-statement argument form (two premises and a conclusion) built from categorical statements like 'all A are B.' The classic example — all men are mortal; Socrates is a man; therefore Socrates is mortal — is a syllogism in the form known as Barbara.
This explainer covers the four figures of the syllogism, the concept of a 'middle term,' and why Aristotelian logic, despite being superseded in expressive power by modern predicate logic, remains the historical foundation the entire discipline was built on.",Explainer,Logic,Undergraduate,Ancient,2025-05-14,10,Philosophy Commons Editorial Team
locke-second-treatise-excerpt,"Locke, Second Treatise of Government (Excerpt)","Locke's argument for natural rights, government by consent, and the right of revolution — foundational reading for political philosophy.","This excerpt covers Locke's state-of-nature argument, his account of property acquired through labor, and his claim that legitimate government rests on the consent of the governed — and can be justly overthrown when it violates the trust placed in it.
Annotated to highlight the passages that most directly influenced the American Declaration of Independence, making it useful both as a philosophy text and as a companion reading in history and civics courses.",Primary Text,Political Philosophy,Undergraduate,Modern,2025-09-28,28,John Locke (annotated)
social-contract-explained,"The Social Contract, Explained",From Hobbes' Leviathan to Rousseau's general will — a survey of social contract theory and why we obey (or don't obey) the state.,"Social contract theory asks: what could justify the state's authority over free individuals? This explainer compares three classic answers — Hobbes' argument that any authority beats the violent state of nature, Locke's consent-based and rights-limited government, and Rousseau's 'general will' — before turning to Rawls' 20th-century revival of the tradition.
Written to give students a map of the terrain before they read any of the primary sources directly, with a comparison table summarizing each thinker's state of nature, their view of human nature, and the kind of government their argument justifies.",Explainer,Political Philosophy,Intro / High School,Modern,2026-02-08,11,Philosophy Commons Editorial Team
rawls-veil-of-ignorance-activity,Rawls' Veil of Ignorance — Classroom Activity,Students design a hypothetical society's rules without knowing what position in that society they'll occupy.,"In small groups, students draft a short constitution — covering taxation, healthcare, education, and criminal justice — under Rawls' 'veil of ignorance': they don't know whether they'll be born rich or poor, healthy or disabled, in the majority or a minority.
The activity concludes with each group presenting their rules and comparing how the constraint of not knowing one's own position shaped their choices, directly testing Rawls' claim that this procedure tends to produce more equitable principles than unconstrained bargaining.
Includes facilitator notes connecting the exercise back to Rawls' two principles of justice from A Theory of Justice.",Activity,"Political Philosophy, Ethics",Undergraduate,Contemporary,2025-11-30,50,Dr. Amara Osei
just-war-theory-discussion-guide,Just War Theory — Discussion Guide,"A graduate-level discussion guide on jus ad bellum and jus in bello, using contemporary case studies to test the traditional criteria.","This guide presents the classical criteria for a just war — just cause, legitimate authority, right intention, proportionality, last resort, and probability of success (jus ad bellum), alongside discrimination and proportionality in conduct (jus in bello) — and pairs each criterion with a contested contemporary case for structured debate.
Designed for advanced seminars, the guide assumes familiarity with basic normative ethics and asks students to weigh consequentialist and deontological objections to the just war tradition, including revisionist critiques from contemporary just war theorists who reject the traditional framework's sharp civilian/combatant distinction.",Discussion Guide,"Political Philosophy, Ethics",Graduate / Advanced,Contemporary,2025-04-17,60,Dr. Marcus Feldman
chinese-room-explained,"The Chinese Room Argument, Explained",John Searle's famous thought experiment against strong AI — can symbol manipulation alone ever amount to genuine understanding?,"Imagine a person who doesn't speak Chinese, locked in a room with a rulebook for manipulating Chinese symbols in response to other Chinese symbols passed in from outside. Follow the rules well enough, and the room produces convincing conversational replies — without anyone inside ever understanding a word of Chinese. Searle argues this shows that running the right program is not sufficient for genuine understanding, no matter how convincingly it behaves.
This explainer covers the argument's structure, the most influential objections (the systems reply, the robot reply, the brain simulator reply), and why the thought experiment remains central to debates about large language models and machine understanding today.",Explainer,Philosophy of Mind,Undergraduate,Analytic,2026-05-29,9,Philosophy Commons Editorial Team
could-a-machine-think-lesson-plan,Could a Machine Think? — Lesson Plan,"A lesson connecting the Turing Test, the Chinese Room, and modern AI chatbots to core questions in philosophy of mind.","This lesson opens with a live (or simulated) Turing-Test-style exercise: students exchange messages with an unidentified conversation partner and guess whether it's human, then discuss what, if anything, passing the test would prove.
The lesson then introduces Searle's Chinese Room as a challenge to behaviorist criteria for thought, and closes by asking students to apply both frameworks to a specific, current AI system, defending a position on whether it understands anything at all.
Includes discussion rubric and suggested time allocations for a 75-minute class.",Lesson Plan,Philosophy of Mind,Undergraduate,Contemporary,2026-06-18,75,Dr. Marcus Feldman
marys-room-video,Mary's Room: The Knowledge Argument (Video),A short animated video on Frank Jackson's thought experiment about a color scientist who has never seen color.,"Mary is a brilliant scientist who has learned every physical fact there is to know about color vision, but has lived her entire life in a black-and-white room. When she finally steps outside and sees red for the first time, does she learn something new?
This video presents Jackson's knowledge argument against physicalism, the standard physicalist replies (the ability hypothesis, the acquaintance hypothesis), and leaves students with the open question the thought experiment was designed to raise: can any amount of physical knowledge capture what an experience is like?",Video,Philosophy of Mind,Intro / High School,Contemporary,2025-10-09,10,Philosophy Commons Editorial Team
what-makes-art-good-discussion-guide,What Makes Art 'Good'? — Discussion Guide,"An accessible entry point into aesthetics: is beauty objective, subjective, or something in between?","This guide opens with a simple provocation — students are shown two very different artworks and asked to defend which is 'better,' then asked what they even mean by that. From there, the discussion moves through subjectivist ('beauty is in the eye of the beholder'), objectivist (there are real standards of aesthetic value), and intersubjectivist positions (Hume's 'true judges' and Kant's account of aesthetic judgment as claiming universal but non-conceptual assent).
Designed to be accessible with no prior philosophy background, using visual art, music, and film examples students already have opinions about.",Discussion Guide,Aesthetics,Intro / High School,Contemporary,2025-08-03,40,Philosophy Commons Editorial Team
kant-critique-of-judgment-excerpt,"Kant, Critique of Judgment — On the Beautiful (Excerpt)",Kant's account of aesthetic judgment as 'disinterested pleasure' claiming universal validity without relying on a concept.,"This excerpt presents Kant's core claims about judgments of beauty: that they are disinterested (not tied to desire or use), that they nonetheless claim universal agreement, and that this universality cannot rest on a determinate concept the way a judgment like 'this is red' does.
Dense and technical, this reading is intended for graduate seminars already familiar with the broader architecture of Kant's critical philosophy; a glossary of Kantian terminology is provided as an appendix.",Primary Text,Aesthetics,Graduate / Advanced,Modern,2025-03-22,45,"Immanuel Kant (trans. Werner Pluhar, annotated)"
problem-of-evil-explained,"The Problem of Evil, Explained","If God is all-powerful, all-knowing, and all-good, why does suffering exist? The logical and evidential versions of the problem, explained.","The problem of evil is among the oldest arguments in philosophy of religion, traceable to Epicurus: if God is willing to prevent evil but not able, He is not omnipotent; if able but not willing, He is malevolent; if both able and willing, why does evil exist?
This explainer distinguishes the logical problem of evil (evil is logically incompatible with God's existence) from the evidential problem (the amount and distribution of evil in the world is strong evidence against God's existence, even if not strictly incompatible), and surveys the major theodicies offered in response: the free will defense, soul-making theodicy, and skeptical theism.",Explainer,Philosophy of Religion,Intro / High School,Ancient,2026-03-30,9,Philosophy Commons Editorial Team
pascals-wager-lesson-plan,Pascal's Wager — Lesson Plan,A decision-theory approach to belief in God: what happens when you can't settle a question with evidence alone?,"Blaise Pascal argued that, given the impossibility of proving or disproving God's existence through reason alone, belief is the rational wager: the potential infinite gain of belief (if God exists) vastly outweighs the finite cost, while the potential loss of disbelief (if God exists) is infinite.
This lesson introduces basic decision-theory concepts (expected value, dominant strategies) before presenting the wager as a formal argument, then works through the classic objections: the 'many gods' problem, whether belief can be willed into existence at all, and whether a wager is the right basis for genuine faith.
Includes a payoff-matrix worksheet appropriate for students who have also studied basic probability.",Lesson Plan,Philosophy of Religion,Undergraduate,Modern,2025-06-27,50,Dr. Priya Nair
sartre-existence-precedes-essence,"Sartre's 'Existence Precedes Essence,' Explained",Sartre's central existentialist claim: humans have no fixed nature or purpose handed to them — we create ourselves through choice.,"In 'Existentialism Is a Humanism,' Sartre argues that for human beings, unlike a paper-knife designed for a purpose, existence precedes essence: we exist first, with no predetermined nature, and only through our choices and actions do we define what we are.
This explainer unpacks the claim's consequences — radical freedom, the anxiety ('anguish') of total responsibility for one's choices, and Sartre's concept of 'bad faith,' the denial of one's own freedom by pretending one's choices are fixed by circumstance, role, or nature.
Connects the concept to Sartre's famous case of the student torn between joining the resistance and caring for his mother, used throughout the primary text to show that no ethical system can make the choice for you.",Explainer,Existentialism,Undergraduate,Continental,2025-12-19,10,Philosophy Commons Editorial Team
camus-absurd-discussion-guide,Camus and the Absurd — Discussion Guide,"Exploring Camus' claim that life is 'absurd' — and why he thinks the right response is neither suicide nor blind hope, but revolt.","This guide introduces Camus' concept of the absurd as the collision between the human demand for meaning and the universe's persistent silence, drawing on 'The Myth of Sisyphus.' Students discuss why Camus rejects both suicide (physical) and religious or philosophical leaps of faith (what he calls 'philosophical suicide') as adequate responses.
The discussion builds to Camus' own answer: revolt — living fully and defiantly within the absurd condition without resolving it, exemplified by Sisyphus, condemned to eternally roll a boulder up a hill, whom Camus asks us to imagine happy.
Includes prompts connecting the absurd to modern experiences of meaninglessness and burnout, which students often find surprisingly immediate.",Discussion Guide,Existentialism,Undergraduate,Continental,2026-04-25,45,Dr. Marcus Feldman
kierkegaard-leap-of-faith-podcast,Kierkegaard's Leap of Faith (Podcast),A graduate-level audio discussion of Kierkegaard's Fear and Trembling and the 'teleological suspension of the ethical.',"This episode examines Kierkegaard's reading of Abraham's binding of Isaac as the paradigm case of faith: a moment in which the individual's duty to God suspends the universal ethical duty not to kill, placing Abraham beyond the reach of rational or ethical justification — a 'knight of faith' rather than a 'knight of infinite resignation.'
The conversation situates the leap of faith within Kierkegaard's broader critique of Hegelian systematic philosophy and its attempt to rationally absorb the individual into the universal, and considers objections from both secular and religious readers.
Assumes prior familiarity with Kierkegaard's pseudonymous authorship; a short glossary of his key terms is linked in the show notes.",Podcast,"Existentialism, Philosophy of Religion",Graduate / Advanced,Continental,2025-02-14,38,Philosophy Commons Editorial Team
tao-te-ching-intro,Introduction to the Tao Te Ching,"Selected verses from Laozi's foundational Daoist text, with commentary on wu wei, the Dao, and the value of softness over force.","This reading selects ten verses from the Tao Te Ching, including the opening lines on the Dao that cannot be named, and passages on wu wei (effortless action, or non-forcing), the strength found in yielding (water wearing down stone), and the Daoist suspicion of rigid moral codes and government overreach.
Commentary is written for students with no background in Chinese philosophy, drawing light comparisons to Western concepts (the Dao is not 'God,' wu wei is not passivity) to prevent common misreadings, while resisting the temptation to flatten Daoist thought into a Western framework.",Primary Text,Eastern Philosophy,Intro / High School,Eastern,2025-07-07,25,Laozi (trans. and annotated)
four-noble-truths-explained,"The Four Noble Truths, Explained","The foundational teaching of Buddhist philosophy: the nature of suffering, its cause, its cessation, and the path to that cessation.","This explainer presents the Buddha's Four Noble Truths — the truth of dukkha (suffering or unsatisfactoriness), its origin in craving (tanha), the possibility of its cessation (nirvana), and the Eightfold Path leading there — as a philosophical diagnosis and prescription rather than a purely religious doctrine.
Written to be accessible to students with no background in Buddhist thought, and to distinguish the philosophical core of the teaching from culturally specific ritual practice, while noting that this separation is itself a simplification worth complicating in more advanced study.",Explainer,Eastern Philosophy,Intro / High School,Eastern,2026-01-16,9,Philosophy Commons Editorial Team
confucian-ethics-lesson-plan,Confucian Ethics — Lesson Plan,"An introduction to ren (humaneness), li (ritual propriety), and the Confucian vision of ethical cultivation through relationships and roles.","This lesson introduces Confucian ethics as a relational and role-based alternative to the individualist frameworks students typically meet first in a Western-centered curriculum. Central concepts covered include ren (humaneness or benevolence), li (ritual propriety, understood broadly as the practices that structure respectful social life), and junzi (the exemplary or 'noble' person as an aspirational ideal).
Students compare the Confucian claim that ethical character is cultivated through practiced roles and relationships (parent, child, ruler, friend) against the more rule- or outcome-focused frameworks of Kantian and utilitarian ethics covered earlier in the course.
Includes a case-study worksheet applying the 'five relationships' to a modern workplace or school scenario.",Lesson Plan,"Eastern Philosophy, Ethics",Undergraduate,Eastern,2025-05-30,50,Dr. Priya Nair
